id,user_input,bot_response
1038392_dir,Who directed The Conjuring: Last Rites?,The Conjuring: Last Rites was directed by Michael Chaves.
1038392_cast,Who starred in The Conjuring: Last Rites?,"The main cast includes Vera Farmiga, Patrick Wilson, Mia Tomlinson, Ben Hardy, Rebecca Calder."
1038392_year,When was The Conjuring: Last Rites released?,The Conjuring: Last Rites was released in 2025.
1038392_rec,Recommend a movie like The Conjuring: Last Rites.,"If you liked The Conjuring: Last Rites, you might enjoy The Long Walk, The Lost Bus, One Battle After Another."
1086910_dir,Who directed The Lost Princess?,The Lost Princess was directed by Hicham Hajji.
1086910_cast,Who starred in The Lost Princess?,"The main cast includes Cillian O'Sullivan, Gary Dourdan, Robert Knepper, Soraya Azzabi, Eric Roberts."
1086910_year,When was The Lost Princess released?,The Lost Princess was released in 2025.
1311031_dir,Who directed Demon Slayer: Kimetsu no Yaiba Infinity Castle?,Demon Slayer: Kimetsu no Yaiba Infinity Castle was directed by Haruo Sotozaki.
1311031_cast,Who starred in Demon Slayer: Kimetsu no Yaiba Infinity Castle?,"The main cast includes Natsuki Hanae, Hiro Shimono, Takahiro Sakurai, Akira Ishida, Yoshitsugu Matsuoka."
1311031_year,When was Demon Slayer: Kimetsu no Yaiba Infinity Castle released?,Demon Slayer: Kimetsu no Yaiba Infinity Castle was released in 2025.
1311031_rec,Recommend a movie like Demon Slayer: Kimetsu no Yaiba Infinity Castle.,"If you liked Demon Slayer: Kimetsu no Yaiba Infinity Castle, you might enjoy War of the Worlds, Night Carnage, One Battle After Another."
755898_dir,Who directed War of the Worlds?,War of the Worlds was directed by Rich Lee.
755898_cast,Who starred in War of the Worlds?,"The main cast includes Ice Cube, Eva Longoria, Clark Gregg, Iman Benson, Henry Hunter Hall."
755898_year,When was War of the Worlds released?,War of the Worlds was released in 2025.
755898_rec,Recommend a movie like War of the Worlds.,"If you liked War of the Worlds, you might enjoy Night Carnage, Demon Slayer: Kimetsu no Yaiba Infinity Castle, Jurassic World Rebirth."
338969_dir,Who directed The Toxic Avenger Unrated?,The Toxic Avenger Unrated was directed by Macon Blair.
338969_cast,Who starred in The Toxic Avenger Unrated?,"The main cast includes Peter Dinklage, Jacob Tremblay, Taylour Paige, Julia Davis, Jonny Coyne."
338969_year,When was The Toxic Avenger Unrated released?,The Toxic Avenger Unrated was released in 2025.
338969_rec,Recommend a movie like The Toxic Avenger Unrated.,"If you liked The Toxic Avenger Unrated, you might enjoy Rabbit Trap, The Last Winter, Snoopy Presents: A Summer Musical."
1186350_dir,Who directed Marco?,Marco was directed by Haneef Adeni.
1186350_cast,Who starred in Marco?,"The main cast includes Unni Mukundan, Siddique, Ishan Shoukath, Jagadish, Abhimanyu Thilakan."
1186350_year,When was Marco released?,Marco was released in 2024.
1186350_rec,Recommend a movie like Marco.,"If you liked Marco, you might enjoy The Roundup: Punishment, Azaad, Singham Again."
793387_dir,Who directed Holy Night: Demon Hunters?,Holy Night: Demon Hunters was directed by Lim Dae-hee.
793387_cast,Who starred in Holy Night: Demon Hunters?,"The main cast includes Don Lee, Seohyun, David Lee, Gyeong Su-jin, Jung Ji-so."
793387_year,When was Holy Night: Demon Hunters released?,Holy Night: Demon Hunters was released in 2025.
793387_rec,Recommend a movie like Holy Night: Demon Hunters.,"If you liked Holy Night: Demon Hunters, you might enjoy Kraken, Dark Nuns, The Lost Bus."
1109086_dir,Who directed War 2?,War 2 was directed by Ayan Mukerji.
1109086_cast,Who starred in War 2?,"The main cast includes N.T. Rama Rao Jr., Hrithik Roshan, Kiara Advani, Ashutosh Rana, Anil Kapoor."
1109086_year,When was War 2 released?,War 2 was released in 2025.
1109086_rec,Recommend a movie like War 2.,"If you liked War 2, you might enjoy Coolie, The Boy and the Beast, Hridayapoorvam."
617126_dir,Who directed The Fantastic 4: First Steps?,The Fantastic 4: First Steps was directed by Matt Shakman.
617126_cast,Who starred in The Fantastic 4: First Steps?,"The main cast includes Pedro Pascal, Vanessa Kirby, Ebon Moss-Bachrach, Joseph Quinn, Ralph Ineson."
617126_year,When was The Fantastic 4: First Steps released?,The Fantastic 4: First Steps was released in 2025.
617126_rec,Recommend a movie like The Fantastic 4: First Steps.,"If you liked The Fantastic 4: First Steps, you might enjoy Superman, The Naked Gun, Splitsville."
941109_dir,Who directed Play Dirty?,Play Dirty was directed by Shane Black.
941109_cast,Who starred in Play Dirty?,"The main cast includes Mark Wahlberg, LaKeith Stanfield, Rosa Salazar, Keegan-Michael Key, Chukwudi Iwuji."
941109_year,When was Play Dirty released?,Play Dirty was released in 2025.
941109_rec,Recommend a movie like Play Dirty.,"If you liked Play Dirty, you might enjoy The Lost Bus, Mantis, The Toxic Avenger Unrated."
1290879_dir,Who directed The Woman in Cabin 10?,The Woman in Cabin 10 was directed by Simon Stone.
1290879_cast,Who starred in The Woman in Cabin 10?,"The main cast includes Keira Knightley, Guy Pearce, David Ajala, Gitte Witt, Art Malik."
1290879_year,When was The Woman in Cabin 10 released?,The Woman in Cabin 10 was released in 2025.
1290879_rec,Recommend a movie like The Woman in Cabin 10.,"If you liked The Woman in Cabin 10, you might enjoy The Life and Times of Judge Roy Bean, Loss of Balance, The Seed of the Sacred Fig."
1257009_dir,Who directed Primitive War?,Primitive War was directed by Luke Sparke.
1257009_cast,Who starred in Primitive War?,"The main cast includes Jeremy Piven, Tricia Helfer, Ryan Kwanten, Nick Wechsler, Anthony Ingruber."
1257009_year,When was Primitive War released?,Primitive War was released in 2025.
1257009_rec,Recommend a movie like Primitive War.,"If you liked Primitive War, you might enjoy The Man in My Basement, The Lychee Road, Hope."
1251717_dir,Who directed Vicious?,Vicious was directed by Bryan Bertino.
1251717_cast,Who starred in Vicious?,"The main cast includes Dakota Fanning, Kathryn Hunter, Mary McCormack, Rachel Blanchard, Devyn Nekoda."
1251717_year,When was Vicious released?,Vicious was released in 2025.
1251717_rec,Recommend a movie like Vicious.,"If you liked Vicious, you might enjoy I Heard the Bells, Coconut Head Generation, Sweetness in the Belly."
533533_dir,Who directed TRON: Ares?,TRON: Ares was directed by Joachim Rønning.
533533_cast,Who starred in TRON: Ares?,"The main cast includes Jared Leto, Greta Lee, Evan Peters, Gillian Anderson, Jodie Turner-Smith."
533533_year,When was TRON: Ares released?,TRON: Ares was released in 2025.
533533_rec,Recommend a movie like TRON: Ares.,"If you liked TRON: Ares, you might enjoy Good Boy, Black Phone 2, Maintenance Required."
986097_dir,Who directed HIM?,HIM was directed by Justin Tipping.
986097_cast,Who starred in HIM?,"The main cast includes Tyriq Withers, Marlon Wayans, Julia Fox, Tim Heidecker, Jim Jefferies."
986097_year,When was HIM released?,HIM was released in 2025.
986097_rec,Recommend a movie like HIM.,"If you liked HIM, you might enjoy Screamboat, The Smashing Machine, Samurai I: Musashi Miyamoto."
1328803_dir,Who directed Prisoner of War?,Prisoner of War was directed by Louis Mandylor.
1328803_cast,Who starred in Prisoner of War?,"The main cast includes Scott Adkins, Peter Shinkoda, Michael Copon, Donald Cerrone, Michael Rene Walton."
1328803_year,When was Prisoner of War released?,Prisoner of War was released in 2025.
1328803_rec,Recommend a movie like Prisoner of War.,"If you liked Prisoner of War, you might enjoy Adulthood, Get Fast, Timber Falls."
803796_dir,Who directed KPop Demon Hunters?,KPop Demon Hunters was directed by Chris Appelhans.
803796_cast,Who starred in KPop Demon Hunters?,"The main cast includes Arden Cho, May Hong, Ji-young Yoo, Ahn Hyo-seop, Yunjin Kim."
803796_year,When was KPop Demon Hunters released?,KPop Demon Hunters was released in 2025.
803796_rec,Recommend a movie like KPop Demon Hunters.,"If you liked KPop Demon Hunters, you might enjoy How to Train Your Dragon, The Fantastic 4: First Steps, Elio."
1267319_dir,Who directed Mantis?,Mantis was directed by Lee Tae-sung.
1267319_cast,Who starred in Mantis?,"The main cast includes Yim Si-wan, Park Gyu-young, Choi Hyun-wook, Bae Gang-hee, Hwang Sung-bin."
1267319_year,When was Mantis released?,Mantis was released in 2025.
1267319_rec,Recommend a movie like Mantis.,"If you liked Mantis, you might enjoy Play Dirty, The Man in My Basement, Stolen Girl."
575265_dir,Who directed Mission: Impossible - The Final Reckoning?,Mission: Impossible - The Final Reckoning was directed by Christopher McQuarrie.
575265_cast,Who starred in Mission: Impossible - The Final Reckoning?,"The main cast includes Tom Cruise, Hayley Atwell, Ving Rhames, Simon Pegg, Esai Morales."
575265_year,When was Mission: Impossible - The Final Reckoning released?,Mission: Impossible - The Final Reckoning was released in 2025.
575265_rec,Recommend a movie like Mission: Impossible - The Final Reckoning.,"If you liked Mission: Impossible - The Final Reckoning, you might enjoy F1, Fountain of Youth, Opus."
1061474_dir,Who directed Superman?,Superman was directed by James Gunn.
1061474_cast,Who starred in Superman?,"The main cast includes David Corenswet, Rachel Brosnahan, Nicholas Hoult, Edi Gathegi, Nathan Fillion."
1061474_year,When was Superman released?,Superman was released in 2025.
1061474_rec,Recommend a movie like Superman.,"If you liked Superman, you might enjoy The Fantastic 4: First Steps, Jurassic World Rebirth, Mission: Impossible - The Final Reckoning."
1053008_dir,Who directed Fight Another Day?,Fight Another Day was directed by James Mark.
1053008_cast,Who starred in Fight Another Day?,"The main cast includes Jim Belushi, Martin Kove, Eric Johnson, Ennis Esmer, Chuck Liddell."
1053008_year,When was Fight Another Day released?,Fight Another Day was released in 2024.
1053008_rec,Recommend a movie like Fight Another Day.,"If you liked Fight Another Day, you might enjoy The Boys in the Boat, Before I Disappear, Cinderella's Revenge."
1009640_dir,Who directed Valiant One?,Valiant One was directed by Steve Barnett.
1009640_cast,Who starred in Valiant One?,"The main cast includes Chase Stokes, Lana Condor, Desmin Borges, Callan Mulvey, Diana Tsoy."
1009640_year,When was Valiant One released?,Valiant One was released in 2025.
1009640_rec,Recommend a movie like Valiant One.,"If you liked Valiant One, you might enjoy Driving Madeleine, Primitive War, The Unbreakable Boy."
1277988_dir,Who directed Caramelo?,Caramelo was directed by Diego Freitas.
1277988_cast,Who starred in Caramelo?,"The main cast includes Rafael Vitti, Amendoim, Arianne Botelho, Kelzy Ecard, Bruno Vinicius."
1277988_year,When was Caramelo released?,Caramelo was released in 2025.
1277988_rec,Recommend a movie like Caramelo.,"If you liked Caramelo, you might enjoy Touch of Evil, Hakkenden, The Batman."
1547527_dir,Who directed Stay?,Stay was directed by Jas Summers.
1547527_cast,Who starred in Stay?,"The main cast includes Megalyn Echikunwoke, Mo McRae, Brandon Firla, Dominic Stephens, Patrick Cloud."
1547527_year,When was Stay released?,Stay was released in 2025.
1547527_rec,Recommend a movie like Stay.,"If you liked Stay, you might enjoy Killing Faith, Opus, Ride Away."
1352755_dir,Who directed Maintenance Required?,Maintenance Required was directed by Lacey Uhlemeyer.
1352755_cast,Who starred in Maintenance Required?,"The main cast includes Madelaine Petsch, Jacob Scipio, Katy O'Brian, Madison Bailey, Matteo Lane."
1352755_year,When was Maintenance Required released?,Maintenance Required was released in 2025.
1352755_rec,Recommend a movie like Maintenance Required.,"If you liked Maintenance Required, you might enjoy HIM, TRON: Ares, Spinal Tap II: The End Continues."
7451_dir,Who directed xXx?,xXx was directed by Rob Cohen.
7451_cast,Who starred in xXx?,"The main cast includes Vin Diesel, Asia Argento, Marton Csokas, Samuel L. Jackson, Michael Roof."
7451_year,When was xXx released?,xXx was released in 2002.
7451_rec,Recommend a movie like xXx.,"If you liked xXx, you might enjoy xXx: State of the Union, XXX, Black Hawk Down."
1087192_dir,Who directed How to Train Your Dragon?,How to Train Your Dragon was directed by Dean DeBlois.
1087192_cast,Who starred in How to Train Your Dragon?,"The main cast includes Mason Thames, Nico Parker, Gerard Butler, Nick Frost, Gabriel Howell."
1087192_year,When was How to Train Your Dragon released?,How to Train Your Dragon was released in 2025.
1087192_rec,Recommend a movie like How to Train Your Dragon.,"If you liked How to Train Your Dragon, you might enjoy Demon Slayer: Kimetsu no Yaiba Infinity Castle, M3GAN 2.0, Lilo & Stitch."
1357886_dir,Who directed Django Undisputed?,Django Undisputed was directed by Claudio Del Falco.
1357886_cast,Who starred in Django Undisputed?,"The main cast includes Claudio Del Falco, Tomas Arana, Michael Segal, Ottaviano Dell'Acqua, Clara Guggiari."
1357886_year,When was Django Undisputed released?,Django Undisputed was released in 2024.
1357886_rec,Recommend a movie like Django Undisputed.,"If you liked Django Undisputed, you might enjoy Palm Springs, Insomnia, Joker."
1512581_dir,Who directed No Tears in Hell?,No Tears in Hell was directed by Michael Caissie.
1512581_cast,Who starred in No Tears in Hell?,"The main cast includes Luke Baines, Gwen Van Dam, Tatjana Marjanovic, Audrey Neal, Gabriella Westwood."
1512581_year,When was No Tears in Hell released?,No Tears in Hell was released in 2025.
1512581_rec,Recommend a movie like No Tears in Hell.,"If you liked No Tears in Hell, you might enjoy American Sweatshop, Shell, Graduation Heist."
1078605_dir,Who directed Weapons?,Weapons was directed by Zach Cregger.
1078605_cast,Who starred in Weapons?,"The main cast includes Julia Garner, Josh Brolin, Alden Ehrenreich, Austin Abrams, Benedict Wong."
1078605_year,When was Weapons released?,Weapons was released in 2025.
1078605_rec,Recommend a movie like Weapons.,"If you liked Weapons, you might enjoy Bring Her Back, Together, The Conjuring: Last Rites."
1054867_dir,Who directed One Battle After Another?,One Battle After Another was directed by Paul Thomas Anderson.
1054867_cast,Who starred in One Battle After Another?,"The main cast includes Leonardo DiCaprio, Sean Penn, Chase Infiniti, Benicio del Toro, Regina Hall."
1054867_year,When was One Battle After Another released?,One Battle After Another was released in 2025.
1054867_rec,Recommend a movie like One Battle After Another.,"If you liked One Battle After Another, you might enjoy The Voice of Hind Rajab, The Smashing Machine, The Long Walk."
1234821_dir,Who directed Jurassic World Rebirth?,Jurassic World Rebirth was directed by Gareth Edwards.
1234821_cast,Who starred in Jurassic World Rebirth?,"The main cast includes Scarlett Johansson, Mahershala Ali, Jonathan Bailey, Rupert Friend, Manuel Garcia-Rulfo."
1234821_year,When was Jurassic World Rebirth released?,Jurassic World Rebirth was released in 2025.
1234821_rec,Recommend a movie like Jurassic World Rebirth.,"If you liked Jurassic World Rebirth, you might enjoy Superman, Night Carnage, How to Train Your Dragon."
911430_dir,Who directed F1?,F1 was directed by Joseph Kosinski.
911430_cast,Who starred in F1?,"The main cast includes Brad Pitt, Damson Idris, Javier Bardem, Kerry Condon, Tobias Menzies."
911430_year,When was F1 released?,F1 was released in 2025.
911430_rec,Recommend a movie like F1.,"If you liked F1, you might enjoy Superman, Mission: Impossible - The Final Reckoning, Jurassic World Rebirth."
1552819_dir,Who directed Assassin?,Assassin was directed by .
1552819_cast,Who starred in Assassin?,"The main cast includes Ray Lui, Ming Wang."
1552819_year,When was Assassin released?,Assassin was released in 2025.
1552819_rec,Recommend a movie like Assassin.,"If you liked Assassin, you might enjoy Rate the Cookie, Killer Tomatoes Eat France!, Search."
1549457_dir,Who directed Gypsy Moon?,Gypsy Moon was directed by Tony Gibson.
1549457_cast,Who starred in Gypsy Moon?,"The main cast includes Tony Gibson, Lauren Lox, Alexis Arnold, David D. Ford."
1549457_year,When was Gypsy Moon released?,Gypsy Moon was released in 2024.
1236470_dir,Who directed The Lost Bus?,The Lost Bus was directed by Paul Greengrass.
1236470_cast,Who starred in The Lost Bus?,"The main cast includes Matthew McConaughey, America Ferrera, Yul Vazquez, Ashlie Atkinson, Kimberli Flores."
1236470_year,When was The Lost Bus released?,The Lost Bus was released in 2025.
1236470_rec,Recommend a movie like The Lost Bus.,"If you liked The Lost Bus, you might enjoy Twinless, All of You, TRON: Ares."
1218925_dir,Who directed Chainsaw Man - The Movie: Reze Arc?,Chainsaw Man - The Movie: Reze Arc was directed by Tatsuya Yoshihara.
1218925_cast,Who starred in Chainsaw Man - The Movie: Reze Arc?,"The main cast includes Kikunosuke Toya, Reina Ueda, Shiori Izawa, Tomori Kusunoki, Shogo Sakata."
1218925_year,When was Chainsaw Man - The Movie: Reze Arc released?,Chainsaw Man - The Movie: Reze Arc was released in 2025.
1218925_rec,Recommend a movie like Chainsaw Man - The Movie: Reze Arc.,"If you liked Chainsaw Man - The Movie: Reze Arc, you might enjoy Marco, No Other Choice, Kantara: Chapter 1."
1007734_dir,Who directed Nobody 2?,Nobody 2 was directed by Timo Tjahjanto.
1007734_cast,Who starred in Nobody 2?,"The main cast includes Bob Odenkirk, Connie Nielsen, John Ortiz, Colin Hanks, RZA."
1007734_year,When was Nobody 2 released?,Nobody 2 was released in 2025.
1007734_rec,Recommend a movie like Nobody 2.,"If you liked Nobody 2, you might enjoy The Naked Gun, Weapons, Highest 2 Lowest."
1175942_dir,Who directed The Bad Guys 2?,The Bad Guys 2 was directed by Pierre Perifel.
1175942_cast,Who starred in The Bad Guys 2?,"The main cast includes Sam Rockwell, Marc Maron, Awkwafina, Craig Robinson, Anthony Ramos."
1175942_year,When was The Bad Guys 2 released?,The Bad Guys 2 was released in 2025.
1175942_rec,Recommend a movie like The Bad Guys 2.,"If you liked The Bad Guys 2, you might enjoy The Bad Guys, Elio, The Naked Gun."
980477_dir,Who directed Ne Zha 2?,Ne Zha 2 was directed by Yang Yu.
980477_cast,Who starred in Ne Zha 2?,"The main cast includes Lu Yanting, Joseph, Han Mo, Chen Hao, Lu Qi."
980477_year,When was Ne Zha 2 released?,Ne Zha 2 was released in 2025.
980477_rec,Recommend a movie like Ne Zha 2.,"If you liked Ne Zha 2, you might enjoy Ne Zha, Creation of the Gods II: Demon Force, Dead to Rights."
1010581_dir,Who directed My Fault?,My Fault was directed by Domingo González.
1010581_cast,Who starred in My Fault?,"The main cast includes Nicole Wallace, Gabriel Guevara, Marta Hazas, Iván Sánchez, Eva Ruiz."
1010581_year,When was My Fault released?,My Fault was released in 2023.
1010581_rec,Recommend a movie like My Fault.,"If you liked My Fault, you might enjoy Your Fault, Through My Window: Across the Sea, Beautiful Disaster."
1156594_dir,Who directed Our Fault?,Our Fault was directed by Domingo González.
1156594_cast,Who starred in Our Fault?,"The main cast includes Nicole Wallace, Gabriel Guevara, Gabriela Andrada, Marta Hazas, Goya Toledo."
1156594_year,When was Our Fault released?,Our Fault was released in 2025.
1156594_rec,Recommend a movie like Our Fault.,"If you liked Our Fault, you might enjoy Hulk, MaXXXine, Interstellar."
157336_dir,Who directed Interstellar?,Interstellar was directed by Christopher Nolan.
157336_cast,Who starred in Interstellar?,"The main cast includes Matthew McConaughey, Anne Hathaway, Michael Caine, Jessica Chastain, Casey Affleck."
157336_year,When was Interstellar released?,Interstellar was released in 2014.
157336_rec,Recommend a movie like Interstellar.,"If you liked Interstellar, you might enjoy Inception, The Martian, Guardians of the Galaxy."
552524_dir,Who directed Lilo & Stitch?,Lilo & Stitch was directed by Dean Fleischer Camp.
552524_cast,Who starred in Lilo & Stitch?,"The main cast includes Maia Kealoha, Sydney Agudong, Chris Sanders, Zach Galifianakis, Billy Magnussen."
552524_year,When was Lilo & Stitch released?,Lilo & Stitch was released in 2025.
552524_rec,Recommend a movie like Lilo & Stitch.,"If you liked Lilo & Stitch, you might enjoy How to Train Your Dragon, Happy Gilmore 2, Elio."
1284120_dir,Who directed The Ugly Stepsister?,The Ugly Stepsister was directed by Emilie Blichfeldt.
1284120_cast,Who starred in The Ugly Stepsister?,"The main cast includes Lea Myren, Ane Dahl Torp, Thea Sofie Loch Næss, Flo Fagerli, Isac Calmroth."
1284120_year,When was The Ugly Stepsister released?,The Ugly Stepsister was released in 2025.
1284120_rec,Recommend a movie like The Ugly Stepsister.,"If you liked The Ugly Stepsister, you might enjoy Sharp Corner, Fear Street: Prom Queen, Reflection in a Dead Diamond."
987400_dir,Who directed Aztec Batman: Clash of Empires?,Aztec Batman: Clash of Empires was directed by Juan Jose Meza-Leon.
987400_cast,Who starred in Aztec Batman: Clash of Empires?,"The main cast includes Horacio García Rojas, Álvaro Morte, Omar Chaparro, Humberto Busto, Jorge R. Gutierrez."
987400_year,When was Aztec Batman: Clash of Empires released?,Aztec Batman: Clash of Empires was released in 2025.
987400_rec,Recommend a movie like Aztec Batman: Clash of Empires.,"If you liked Aztec Batman: Clash of Empires, you might enjoy Who's Singin' Over There?, Demons of Eden, A Woman Called Mother."
1010756_dir,Who directed The Strangers: Chapter 2?,The Strangers: Chapter 2 was directed by Renny Harlin.
1010756_cast,Who starred in The Strangers: Chapter 2?,"The main cast includes Madelaine Petsch, Froy Gutierrez, Gabriel Basso, Ema Horvath, Brooke Lena Johnson."
1010756_year,When was The Strangers: Chapter 2 released?,The Strangers: Chapter 2 was released in 2025.
1010756_rec,Recommend a movie like The Strangers: Chapter 2.,"If you liked The Strangers: Chapter 2, you might enjoy Devils Stay, HIM, The Strangers: Chapter 3."
1385169_dir,Who directed Rumpelstiltskin?,Rumpelstiltskin was directed by Andy Edwards.
1385169_cast,Who starred in Rumpelstiltskin?,"The main cast includes Hannah Baxter-Eve, Joss Carter, Adrian Bouchet, Colin Malone, Evyn George."
1385169_year,When was Rumpelstiltskin released?,Rumpelstiltskin was released in 2025.
1385169_rec,Recommend a movie like Rumpelstiltskin.,"If you liked Rumpelstiltskin, you might enjoy Fight Club (Russian version), NULL, Lethal Weapon 2."
1223422_dir,Who directed Motherland?,Motherland was directed by Evan Matthews.
1223422_cast,Who starred in Motherland?,"The main cast includes Miriam Silverman, Emily Arancio, Holland Taylor, Nestor Carbonell, Arica Himmel."
1223422_year,When was Motherland released?,Motherland was released in 2025.
1223422_rec,Recommend a movie like Motherland.,"If you liked Motherland, you might enjoy Victory by Submission, The State of the Dead, Cabin Pressure."
1403735_dir,Who directed Laila?,Laila was directed by Ram Narayan.
1403735_cast,Who starred in Laila?,"The main cast includes Vishwak Sen, Akanksha Sharma, Babloo Prithiveeraj, Abhimanyu Singh, Vineet Kumar."
1403735_year,When was Laila released?,Laila was released in 2025.
1403735_rec,Recommend a movie like Laila.,"If you liked Laila, you might enjoy Scooby-Doo: Agence toutou risques, vol. 1 : Le voleur de vélo, Wizards of Waverly Place: Wizard School, MAR."
1477114_dir,Who directed Sorority?,Sorority was directed by Sigrid Polon.
1477114_cast,Who starred in Sorority?,"The main cast includes Azi Acosta, Apple Dy, Rinoa Halili, Julianne Richards, Jackie Lyn Barcebal."
1477114_year,When was Sorority released?,Sorority was released in 2025.
1477114_rec,Recommend a movie like Sorority.,"If you liked Sorority, you might enjoy Don't Think I've Forgotten: Cambodia's Lost Rock and Roll, High and Low, Bangkera."
